time,completed,avg_waiting,avg_waiting_completed,avg_bw_satisfaction,avg_cpu_util,avg_bw_util,L_cpu,L_ram,L_bw,load_balance
1.0,0,0.0,0.0,0.0,0.0,0.0,0.0,0.0,0.0,0.0
2.0,0,0.02530107399833259,0.0,0.0,0.0,0.0,0.0,0.0,0.0,0.0
3.0,0,0.3196884004847286,0.0,0.0,0.041891513008408494,0.0,0.11219405245658395,0.23395209340918088,0.0,0.13845845834630593
4.0,0,0.7077463451503478,0.0,0.0,0.090288009892216,0.0,0.17312957731289466,0.23774844405118384,0.0,0.1643512085456314
5.0,0,1.1031251476584765,0.0,0.0,0.10881099154081543,0.0,0.21849808696972212,0.329924696385039,0.0,0.21936911334190448
6.0,0,1.8364584809918096,0.0,0.0,0.16306590788334882,0.0,0.25054904868115724,0.3404026700027909,0.0,0.23638068747357927
7.0,0,2.5031251476584773,0.0,0.0,0.20740575417383875,0.0,0.30213732698982176,0.35210905368256923,0.0,0.26169855226895644
8.0,0,2.7044606225383454,0.0,0.0,0.2725049628708621,0.0023183923399109677,0.32757807667523303,0.35931435613462837,0.008456826578693837,0.27644833843968336
9.0,0,2.763948193647019,0.0,0.0,0.3363062137612369,0.0023183923399109677,0.3967689492616625,0.3973696455393553,0.008456826578693837,0.3193468032361459
10.0,0,3.074092901075918,0.0,0.0,0.38094044214790657,0.0023183923399109677,0.39983808662691356,0.39458170258807734,0.008456826578693837,0.31945928100173515
11.0,0,3.345862326732313,0.0,0.0,0.408898436747907,0.0023183923399109677,0.41357738378771347,0.4070859558594891,0.008456826578693837,0.32995670117461984
12.0,0,3.475294134859444,0.0,0.0,0.45744748390750556,0.0023183923399109677,0.416420087105846,0.40731418778930806,0.008456826578693837,0.33118507527380037
13.0,0,3.7401620574677366,0.0,0.0,0.47732474528922314,0.027678504257057677,0.41859893755613137,0.41701452400278255,0.060008083742927314,0.34624700137215103
14.0,0,4.415837733143412,0.0,0.0,0.5399591134256142,0.027678504257057677,0.41352500617586946,0.4052866132668819,0.060008083742927314,0.339526264525686
15.0,0,4.603565652699712,0.0,0.0,0.5573483918593535,0.027678504257057677,0.42120029762453914,0.4066857762821794,0.060008083742927314,0.3431560463112729
16.0,0,4.751811563845888,0.0,0.0,0.6221143191097459,0.02965964179404777,0.4233466831360229,0.40375076877364185,0.05958798172526586,0.34275657710891916
17.0,0,4.9485784131242445,0.0,0.0,0.6598889164952296,0.02965964179404777,0.39821626907711544,0.3734671890196621,0.05958798172526586,0.3205909795837642
18.0,0,5.451118239632709,0.0,0.0,0.7294119105247823,0.02965964179404777,0.3609601914950066,0.3407615618407181,0.05958798172526586,0.2926062976793431
19.0,0,6.030361420495534,0.0,0.0,0.7980931613777997,0.02965964179404777,0.31369178473102166,0.2763361669024873,0.05958798172526586,0.24792877699845678
20.0,0,6.202556807629468,0.0,0.0,0.8341515850649681,0.02965964179404777,0.24694561366208967,0.164358664386449,0.05958798172526586,0.17643930756446868
21.0,0,6.476427588468123,0.0,0.0,0.8554280650534389,0.02965964179404777,0.201378805160567,0.07740940570719546,0.05958798172526586,0.12343288069215816
22.0,0,6.878354438729103,0.0,0.0,0.8554280650534389,0.02965964179404777,0.201378805160567,0.07740940570719546,0.05958798172526586,0.12343288069215816
23.0,0,7.286187413413282,0.0,0.0,0.8554280650534389,0.02965964179404777,0.201378805160567,0.07740940570719546,0.05958798172526586,0.12343288069215816
24.0,0,7.603560803462737,0.0,0.0,0.8554280650534389,0.02965964179404777,0.201378805160567,0.07740940570719546,0.05958798172526586,0.12343288069215816
25.0,0,7.832528073003636,0.0,0.0,0.8554280650534389,0.02965964179404777,0.201378805160567,0.07740940570719546,0.05958798172526586,0.12343288069215816
26.0,0,8.095775649675701,0.0,0.0,0.8554280650534389,0.02965964179404777,0.201378805160567,0.07740940570719546,0.05958798172526586,0.12343288069215816
27.0,0,8.470203528307906,0.0,0.0,0.8554280650534389,0.02965964179404777,0.201378805160567,0.07740940570719546,0.05958798172526586,0.12343288069215816
28.0,0,8.774088958634897,0.0,0.0,0.8554280650534389,0.02965964179404777,0.201378805160567,0.07740940570719546,0.05958798172526586,0.12343288069215816
29.0,0,9.47174466838989,0.0,0.0,0.8554280650534389,0.02965964179404777,0.201378805160567,0.07740940570719546,0.05958798172526586,0.12343288069215816
30.0,0,10.165412632175144,0.0,0.0,0.8554280650534389,0.02965964179404777,0.201378805160567,0.07740940570719546,0.05958798172526586,0.12343288069215816
31.0,0,10.632168199854686,0.0,0.0,0.8554280650534389,0.02965964179404777,0.201378805160567,0.07740940570719546,0.05958798172526586,0.12343288069215816
32.0,0,11.112435158358268,0.0,0.0,0.8554280650534389,0.02965964179404777,0.201378805160567,0.07740940570719546,0.05958798172526586,0.12343288069215816
33.0,0,11.697789465596436,0.0,0.0,0.8554280650534389,0.02965964179404777,0.201378805160567,0.07740940570719546,0.05958798172526586,0.12343288069215816
34.0,0,12.393271776810973,0.0,0.0,0.8554280650534389,0.02965964179404777,0.201378805160567,0.07740940570719546,0.05958798172526586,0.12343288069215816
35.0,0,12.743434172893028,0.0,0.0,0.8554280650534389,0.02965964179404777,0.201378805160567,0.07740940570719546,0.05958798172526586,0.12343288069215816
36.0,0,13.208987864889673,0.0,0.0,0.8554280650534389,0.02965964179404777,0.201378805160567,0.07740940570719546,0.05958798172526586,0.12343288069215816
37.0,0,13.673838966455579,0.0,0.0,0.8554280650534389,0.02965964179404777,0.201378805160567,0.07740940570719546,0.05958798172526586,0.12343288069215816
38.0,0,14.258033593314678,0.0,0.0,0.8554280650534389,0.02965964179404777,0.201378805160567,0.07740940570719546,0.05958798172526586,0.12343288069215816
39.0,0,14.717066422581405,0.0,0.0,0.8554280650534389,0.02965964179404777,0.201378805160567,0.07740940570719546,0.05958798172526586,0.12343288069215816
40.0,0,15.176134254610597,0.0,0.0,0.8554280650534389,0.02965964179404777,0.201378805160567,0.07740940570719546,0.05958798172526586,0.12343288069215816
41.0,0,15.39941850187206,0.0,0.0,0.8554280650534389,0.02965964179404777,0.201378805160567,0.07740940570719546,0.05958798172526586,0.12343288069215816
42.0,0,16.248624851078407,0.0,0.0,0.8554280650534389,0.02965964179404777,0.201378805160567,0.07740940570719546,0.05958798172526586,0.12343288069215816
43.0,0,16.707769805613417,0.0,0.0,0.8554280650534389,0.02965964179404777,0.201378805160567,0.07740940570719546,0.05958798172526586,0.12343288069215816
44.0,0,17.29985450954521,0.0,0.0,0.8554280650534389,0.02965964179404777,0.201378805160567,0.07740940570719546,0.05958798172526586,0.12343288069215816
45.0,0,17.62630535052006,0.0,0.0,0.8554280650534389,0.02965964179404777,0.201378805160567,0.07740940570719546,0.05958798172526586,0.12343288069215816
46.0,0,18.216671839103732,0.0,0.0,0.8554280650534389,0.02965964179404777,0.201378805160567,0.07740940570719546,0.05958798172526586,0.12343288069215816
47.0,0,18.942864327631128,0.0,0.0,0.8554280650534389,0.02965964179404777,0.201378805160567,0.07740940570719546,0.05958798172526586,0.12343288069215816
48.0,0,19.524743982466664,0.0,0.0,0.8554280650534389,0.02965964179404777,0.201378805160567,0.07740940570719546,0.05958798172526586,0.12343288069215816
49.0,0,19.71041738638187,0.0,0.0,0.8554280650534389,0.02965964179404777,0.201378805160567,0.07740940570719546,0.05958798172526586,0.12343288069215816
50.0,0,19.779050023494886,0.0,0.0,0.8554280650534389,0.02965964179404777,0.201378805160567,0.07740940570719546,0.05958798172526586,0.12343288069215816
51.0,0,20.38791073927157,0.0,0.0,0.8554280650534389,0.02965964179404777,0.201378805160567,0.07740940570719546,0.05958798172526586,0.12343288069215816
52.0,0,20.732541800527926,0.0,0.0,0.8554280650534389,0.02965964179404777,0.201378805160567,0.07740940570719546,0.05958798172526586,0.12343288069215816
53.0,0,20.841084814039192,0.0,0.0,0.8554280650534389,0.02965964179404777,0.201378805160567,0.07740940570719546,0.05958798172526586,0.12343288069215816
54.0,0,21.34445953831742,0.0,0.0,0.8554280650534389,0.02965964179404777,0.201378805160567,0.07740940570719546,0.05958798172526586,0.12343288069215816
55.0,0,21.848890044736187,0.0,0.0,0.8554280650534389,0.02965964179404777,0.201378805160567,0.07740940570719546,0.05958798172526586,0.12343288069215816
56.0,0,22.349244141374033,0.0,0.0,0.8554280650534389,0.02965964179404777,0.201378805160567,0.07740940570719546,0.05958798172526586,0.12343288069215816
57.0,0,22.846346704924862,0.0,0.0,0.8554280650534389,0.02965964179404777,0.201378805160567,0.07740940570719546,0.05958798172526586,0.12343288069215816
58.0,0,23.348151103552937,0.0,0.0,0.8554280650534389,0.02965964179404777,0.201378805160567,0.07740940570719546,0.05958798172526586,0.12343288069215816
59.0,1,23.978760662061838,0.02530107399833259,1.0,0.8135365520450304,0.02965964179404777,0.2892695277325364,0.22019510575074797,0.05958798172526586,0.21570344973836694
60.0,1,24.33739067303386,0.02530107399833259,1.0,0.8287704280181893,0.02965964179404777,0.2551120022772816,0.13545724762509828,0.05958798172526586,0.16814529630600514
61.0,1,24.956552779696732,0.02530107399833259,1.0,0.8802651862160046,0.02965964179404777,0.15048141480686786,0.07063930283018123,0.05958798172526586,0.1003658833998728
62.0,1,25.84364955389028,0.02530107399833259,1.0,0.8802651862160046,0.02965964179404777,0.15048141480686786,0.07063930283018123,0.05958798172526586,0.1003658833998728
63.0,1,26.448926290630688,0.02530107399833259,1.0,0.8802651862160046,0.02965964179404777,0.15048141480686786,0.07063930283018123,0.05958798172526586,0.1003658833998728
64.0,1,26.510310243004902,0.02530107399833259,1.0,0.8802651862160046,0.02965964179404777,0.15048141480686786,0.07063930283018123,0.05958798172526586,0.1003658833998728
65.0,1,27.263939436000427,0.02530107399833259,1.0,0.8802651862160046,0.02965964179404777,0.15048141480686786,0.07063930283018123,0.05958798172526586,0.1003658833998728
66.0,1,27.876192167062275,0.02530107399833259,1.0,0.8802651862160046,0.02965964179404777,0.15048141480686786,0.07063930283018123,0.05958798172526586,0.1003658833998728
67.0,1,27.939139478895846,0.02530107399833259,1.0,0.8802651862160046,0.02965964179404777,0.15048141480686786,0.07063930283018123,0.05958798172526586,0.1003658833998728
68.0,1,28.287603491638563,0.02530107399833259,1.0,0.8802651862160046,0.02965964179404777,0.15048141480686786,0.07063930283018123,0.05958798172526586,0.1003658833998728
69.0,2,28.913164125310576,1.4180445670638275,0.7038094775361236,0.8151659775189812,0.027341249454136803,0.16376113314504176,0.17606190620621628,0.06008216272331074,0.14794564828516535
70.0,3,29.257935857235108,1.4402113400728516,0.4692063183574157,0.7646114001815105,0.027341249454136803,0.20523350124444262,0.16743339912704205,0.06008216272331074,0.16108319269325602
71.0,4,30.012027640058108,1.2607391496455855,0.41264543727675185,0.7312069829201152,0.035965352006118285,0.22290389990771003,0.15758314932516412,0.06790129808503097,0.1657750793101559
72.0,4,30.34149423408721,1.2607391496455855,0.41264543727675185,0.7602589860916389,0.035965352006118285,0.22241402060194992,0.15483318288957154,0.06790129808503097,0.16447914101361477
73.0,5,30.947681743212808,1.2271666514600352,0.3301163498214015,0.7630791792855587,0.049052319220796115,0.20495524921328037,0.17444535396191374,0.11967846183502176,0.175695933637082
74.0,5,31.411652662290653,1.2271666514600352,0.3301163498214015,0.80282003187582,0.049052319220796115,0.17732913606743375,0.14167299001653985,0.11967846183502176,0.1515365428005938
75.0,6,31.59612345759656,1.135561979530579,0.38974792967070276,0.8217129257421059,0.023692207303649408,0.13111766693114832,0.11144516818249438,0.11273388432911796,0.1195719109112807
76.0,6,31.928658175731623,1.135561979530579,0.38974792967070276,0.8217129257421059,0.023692207303649408,0.13111766693114832,0.11144516818249438,0.11273388432911796,0.1195719109112807
77.0,6,32.67540246992721,1.135561979530579,0.38974792967070276,0.8217129257421059,0.023692207303649408,0.13111766693114832,0.11144516818249438,0.11273388432911796,0.1195719109112807
78.0,6,33.55952264160103,1.135561979530579,0.38974792967070276,0.8217129257421059,0.023692207303649408,0.13111766693114832,0.11144516818249438,0.11273388432911796,0.1195719109112807
79.0,6,33.87048257363621,1.135561979530579,0.38974792967070276,0.8217129257421059,0.023692207303649408,0.13111766693114832,0.11144516818249438,0.11273388432911796,0.1195719109112807
80.0,7,34.467873996389905,2.1658731128105706,0.3340696540034595,0.7590785576057145,0.023692207303649408,0.19094081413103597,0.14623349279323106,0.11273388432911796,0.15741649963553042
81.0,7,34.7785366509568,2.1658731128105706,0.3340696540034595,0.808974603192704,0.04454656942745106,0.17033308587983662,0.06375685057402894,0.11620467824447313,0.11687691023044085
82.0,7,34.67925459737892,2.1658731128105706,0.3340696540034595,0.808974603192704,0.04454656942745106,0.17033308587983662,0.06375685057402894,0.11620467824447313,0.11687691023044085
83.0,8,35.42740390569354,1.9827878070013552,0.4173109472530271,0.7904516215441044,0.04454656942745106,0.17732884125036502,0.1721904532743524,0.11620467824447313,0.1630486534587816
84.0,9,35.74372977348849,1.8436169402484373,0.37094306422491297,0.775593711059731,0.04454656942745106,0.22100923048974846,0.14482615751589242,0.11620467824447313,0.16957509085115097
85.0,11,36.484801329161634,2.130516152441733,0.3944079616385652,0.7351179276464747,0.04454656942745106,0.25439294771566523,0.15013514854208118,0.11620467824447313,0.1850521741519932
86.0,11,37.218488170586895,2.130516152441733,0.3944079616385652,0.7826521485787254,0.04454656942745106,0.22163771434642163,0.1401428008309592,0.11620467824447313,0.16795314171984696
87.0,11,37.803404739165856,2.130516152441733,0.3944079616385652,0.8158131378079198,0.04454656942745106,0.16488030311135396,0.03938722301416345,0.11620467824447313,0.10494794609910159
88.0,12,38.383723792043945,1.9869231738486572,0.36154063150201804,0.8008301768895205,0.04454656942745106,0.1418311222784241,0.09237063566019062,0.11620467824447313,0.1169216388243405
89.0,12,38.960106792458404,1.9869231738486572,0.36154063150201804,0.8323247507301642,0.04454656942745106,0.1364790071486478,0.046968278354717174,0.11620467824447313,0.09661984985024062
90.0,13,39.68147699269764,1.9253284944761722,0.3840051301494831,0.7780698343876308,0.04454656942745106,0.1555059829059747,0.08138051548427784,0.11620467824447313,0.11799553500499564
91.0,14,40.097544344492135,2.0318978420978335,0.4280047637102343,0.7695955828989383,0.04454656942745106,0.16969627661079825,0.1018677453676838,0.11620467824447313,0.13186654444028745
92.0,14,40.81654790510873,2.0318978420978335,0.4280047637102343,0.7695955828989383,0.04454656942745106,0.16969627661079825,0.1018677453676838,0.11620467824447313,0.13186654444028745
93.0,14,41.230414051871875,2.0318978420978335,0.4280047637102343,0.7695955828989383,0.04454656942745106,0.16969627661079825,0.1018677453676838,0.11620467824447313,0.13186654444028745
94.0,15,41.20113144941522,1.9570921693829828,0.4154557020668536,0.7483191029104675,0.04454656942745106,0.1896403805765908,0.1480125381961363,0.11620467824447313,0.15830210315798549
95.0,16,41.92222204241071,2.0568051457181493,0.4519897206876753,0.7421307201465347,0.04454656942745106,0.18148113221933554,0.15545916577422403,0.11620467824447313,0.15801705484631845
96.0,16,41.89785103521979,2.0568051457181493,0.4519897206876753,0.7771460754289788,0.04454656942745106,0.14065600331283268,0.10141406642962868,0.11620467824447313,0.12006896354587918
97.0,17,42.469381336470306,2.009726406230619,0.4254020900589885,0.7464891157271598,0.06412166443678025,0.11121220174885388,0.14558343947744598,0.136877886189191,0.13009383372835814
98.0,17,42.45200335447544,2.009726406230619,0.4254020900589885,0.7651266657795656,0.06412166443678025,0.1144442631340724,0.10058460434761238,0.136877886189191,0.11338712423051212
99.0,17,43.31501705310557,2.009726406230619,0.4254020900589885,0.7966548872591191,0.06412166443678025,0.12329631073643846,0.04195277875084038,0.136877886189191,0.09347521303274975
100.0,17,43.30095046415878,2.009726406230619,0.4254020900589885,0.7966548872591191,0.06412166443678025,0.12329631073643846,0.04195277875084038,0.136877886189191,0.09347521303274975
101.0,17,44.02009882114643,2.009726406230619,0.4254020900589885,0.7966548872591191,0.06412166443678025,0.12329631073643846,0.04195277875084038,0.136877886189191,0.09347521303274975
102.0,17,43.87391214516907,2.009726406230619,0.4254020900589885,0.7966548872591191,0.06412166443678025,0.12329631073643846,0.04195277875084038,0.136877886189191,0.09347521303274975
103.0,17,44.17254638526493,2.009726406230619,0.4254020900589885,0.7966548872591191,0.06412166443678025,0.12329631073643846,0.04195277875084038,0.136877886189191,0.09347521303274975
104.0,17,44.338233026202545,2.009726406230619,0.4254020900589885,0.7966548872591191,0.06412166443678025,0.12329631073643846,0.04195277875084038,0.136877886189191,0.09347521303274975
105.0,18,44.514155612049684,1.9707266970724646,0.45732419616682246,0.7686968926591187,0.06412166443678025,0.13923995245821957,0.12679991671017973,0.136877886189191,0.13379152490519794
106.0,18,45.110785209902104,1.9707266970724646,0.45732419616682246,0.7686968926591187,0.06412166443678025,0.13923995245821957,0.12679991671017973,0.136877886189191,0.13379152490519794
107.0,18,45.986561607417634,1.9707266970724646,0.45732419616682246,0.7686968926591187,0.06412166443678025,0.13923995245821957,0.12679991671017973,0.136877886189191,0.13379152490519794
108.0,18,46.29403709128974,1.9707266970724646,0.45732419616682246,0.7686968926591187,0.06412166443678025,0.13923995245821957,0.12679991671017973,0.136877886189191,0.13379152490519794
109.0,18,47.02466791447667,1.9707266970724646,0.45732419616682246,0.7895427216515155,0.06412166443678025,0.12018916245284302,0.04541230337147625,0.136877886189191,0.09361616356756591
110.0,19,47.18325400431732,2.436776882787066,0.485886080579095,0.7208614707984983,0.06412166443678025,0.17823677044977462,0.19608568814582816,0.136877886189191,0.17710456067607933
111.0,19,47.4905319545163,2.436776882787066,0.485886080579095,0.7515811140758681,0.07392355044619903,0.12449984522153162,0.0444124355205283,0.16509205162162016,0.100583322621148
112.0,19,48.222280099266435,2.436776882787066,0.485886080579095,0.7515811140758681,0.07392355044619903,0.12449984522153162,0.0444124355205283,0.16509205162162016,0.100583322621148
113.0,19,48.38627772151121,2.436776882787066,0.485886080579095,0.7515811140758681,0.07392355044619903,0.12449984522153162,0.0444124355205283,0.16509205162162016,0.100583322621148
114.0,19,48.55761525653948,2.436776882787066,0.485886080579095,0.7515811140758681,0.07392355044619903,0.12449984522153162,0.0444124355205283,0.16509205162162016,0.100583322621148
115.0,19,48.87955090245558,2.436776882787066,0.485886080579095,0.7515811140758681,0.07392355044619903,0.12449984522153162,0.0444124355205283,0.16509205162162016,0.100583322621148
116.0,19,49.47851319590825,2.436776882787066,0.485886080579095,0.7515811140758681,0.07392355044619903,0.12449984522153162,0.0444124355205283,0.16509205162162016,0.100583322621148
117.0,19,49.666115610448244,2.436776882787066,0.485886080579095,0.7515811140758681,0.07392355044619903,0.12449984522153162,0.0444124355205283,0.16509205162162016,0.100583322621148
118.0,19,50.40849395948227,2.436776882787066,0.485886080579095,0.7515811140758681,0.07392355044619903,0.12449984522153162,0.0444124355205283,0.16509205162162016,0.100583322621148
119.0,20,51.01081977796065,4.253248218397259,0.5115917765501402,0.7363472381027092,0.07392355044619903,0.13930577550987439,0.09653125687367105,0.16509205162162016,0.1273532232777422
120.0,20,50.91665147582917,4.253248218397259,0.5115917765501402,0.7814686154831442,0.07392355044619903,0.1323260090318303,0.04378202262006665,0.16509205162162016,0.10346162298508282
121.0,20,51.799803649742216,4.253248218397259,0.5115917765501402,0.7814686154831442,0.07392355044619903,0.1323260090318303,0.04378202262006665,0.16509205162162016,0.10346162298508282
122.0,20,52.25943304414142,4.253248218397259,0.5115917765501402,0.7814686154831442,0.07392355044619903,0.1323260090318303,0.04378202262006665,0.16509205162162016,0.10346162298508282
123.0,21,52.58112406094213,5.79473135484822,0.48723026338108594,0.7299738572853288,0.07392355044619903,0.13542825894685603,0.12855263751900164,0.16509205162162016,0.13861076891066712
124.0,21,52.769925531409804,5.79473135484822,0.48723026338108594,0.7711371338571639,0.07392355044619903,0.1241044444206319,0.037966327009885274,0.16509205162162016,0.0978467188965309
125.0,21,52.9621087154986,5.79473135484822,0.48723026338108594,0.7711371338571639,0.07392355044619903,0.1241044444206319,0.037966327009885274,0.16509205162162016,0.0978467188965309
126.0,21,53.57091034595823,5.79473135484822,0.48723026338108594,0.7711371338571639,0.07392355044619903,0.1241044444206319,0.037966327009885274,0.16509205162162016,0.0978467188965309
127.0,21,53.905436469803064,5.79473135484822,0.48723026338108594,0.7711371338571639,0.07392355044619903,0.1241044444206319,0.037966327009885274,0.16509205162162016,0.0978467188965309
128.0,21,54.653477562411105,5.79473135484822,0.48723026338108594,0.7711371338571639,0.07392355044619903,0.1241044444206319,0.037966327009885274,0.16509205162162016,0.0978467188965309
129.0,22,54.848496416972075,7.579516299360322,0.4650834332274002,0.7420851306856401,0.07392355044619903,0.14850413126560297,0.03833955440133202,0.16509205162162016,0.10775588459109803
130.0,22,55.32199841634577,7.579516299360322,0.4650834332274002,0.7949368198801938,0.07392355044619903,0.13770975847158082,0.0439371549386658,0.16509205162162016,0.10567717568842269
131.0,22,55.93324567946139,7.579516299360322,0.4650834332274002,0.7949368198801938,0.07392355044619903,0.13770975847158082,0.0439371549386658,0.16509205162162016,0.10567717568842269
132.0,22,56.681672326579424,7.579516299360322,0.4650834332274002,0.7949368198801938,0.07392355044619903,0.13770975847158082,0.0439371549386658,0.16509205162162016,0.10567717568842269
133.0,22,57.57000979556206,7.579516299360322,0.4650834332274002,0.7949368198801938,0.07392355044619903,0.13770975847158082,0.0439371549386658,0.16509205162162016,0.10567717568842269
134.0,22,58.02927200375193,7.579516299360322,0.4650834332274002,0.7949368198801938,0.07392355044619903,0.13770975847158082,0.0439371549386658,0.16509205162162016,0.10567717568842269
135.0,22,58.067071619122004,7.579516299360322,0.4650834332274002,0.7949368198801938,0.07392355044619903,0.13770975847158082,0.0439371549386658,0.16509205162162016,0.10567717568842269
136.0,22,58.394715219721405,7.579516299360322,0.4650834332274002,0.7949368198801938,0.07392355044619903,0.13770975847158082,0.0439371549386658,0.16509205162162016,0.10567717568842269
137.0,22,59.00481354365919,7.579516299360322,0.4650834332274002,0.7949368198801938,0.07392355044619903,0.13770975847158082,0.0439371549386658,0.16509205162162016,0.10567717568842269
138.0,22,59.755215488736866,7.579516299360322,0.4650834332274002,0.7949368198801938,0.07392355044619903,0.13770975847158082,0.0439371549386658,0.16509205162162016,0.10567717568842269
139.0,22,60.50409806844105,7.579516299360322,0.4650834332274002,0.7949368198801938,0.07392355044619903,0.13770975847158082,0.0439371549386658,0.16509205162162016,0.10567717568842269
140.0,22,60.680152682882756,7.579516299360322,0.4650834332274002,0.7949368198801938,0.07392355044619903,0.13770975847158082,0.0439371549386658,0.16509205162162016,0.10567717568842269
141.0,22,61.00703016627365,7.579516299360322,0.4650834332274002,0.7949368198801938,0.07392355044619903,0.13770975847158082,0.0439371549386658,0.16509205162162016,0.10567717568842269
142.0,22,61.76020476961258,7.579516299360322,0.4650834332274002,0.7949368198801938,0.07392355044619903,0.13770975847158082,0.0439371549386658,0.16509205162162016,0.10567717568842269
143.0,23,62.36611316364161,9.270836025792342,0.47545495504230073,0.7635753098911966,0.06331831035722744,0.1440177797011289,0.06308772740744889,0.16611312219007315,0.11606482728144575
144.0,23,63.11478955523333,9.270836025792342,0.47545495504230073,0.823582117395755,0.06331831035722744,0.09981222706863907,0.03711458158661008,0.16611312219007315,0.08799334790011429
145.0,23,63.57034132163895,9.270836025792342,0.47545495504230073,0.823582117395755,0.06331831035722744,0.09981222706863907,0.03711458158661008,0.16611312219007315,0.08799334790011429
146.0,23,64.31947811284164,9.270836025792342,0.47545495504230073,0.823582117395755,0.06331831035722744,0.09981222706863907,0.03711458158661008,0.16611312219007315,0.08799334790011429
147.0,23,64.4835535882034,9.270836025792342,0.47545495504230073,0.823582117395755,0.06331831035722744,0.09981222706863907,0.03711458158661008,0.16611312219007315,0.08799334790011429
148.0,23,65.23361947625789,9.270836025792342,0.47545495504230073,0.823582117395755,0.06331831035722744,0.09981222706863907,0.03711458158661008,0.16611312219007315,0.08799334790011429
149.0,23,65.39680854705075,9.270836025792342,0.47545495504230073,0.823582117395755,0.06331831035722744,0.09981222706863907,0.03711458158661008,0.16611312219007315,0.08799334790011429
150.0,24,65.71089175115576,11.655874288908606,0.45564433191553816,0.765969249269313,0.06331831035722744,0.15226692716644358,0.10961806119002232,0.16611312219007315,0.137976619780601
151.0,26,66.46030421208661,14.41170719730748,0.4590563063835737,0.7672363223324785,0.06331831035722744,0.15723634633433914,0.13684187840026912,0.16611312219007315,0.15085391433185794
152.0,26,66.4810406414335,14.41170719730748,0.4590563063835737,0.8063328292385558,0.07399400693541168,0.15935656700517417,0.10577079967558005,0.16452917468164602,0.1389567816086309
153.0,26,66.93841881755667,14.41170719730748,0.4590563063835737,0.8620735181629436,0.07969524097342556,0.10347844374887025,0.07553803800834026,0.16246176780310045,0.1040989462635043
154.0,27,67.10949745293861,15.436987609435686,0.44205422096195984,0.831248328931371,0.09290339731713211,0.16046108535822334,0.10102303129123999,0.16746005494274763,0.13808565764833486
155.0,27,67.56988374511823,15.436987609435686,0.44205422096195984,0.8615180372869065,0.09290339731713211,0.12141280387988264,0.07261802798627116,0.16746005494274763,0.11110434373501105
156.0,27,68.17151165459889,15.436987609435686,0.44205422096195984,0.8942114832164213,0.10004958887873508,0.09809645812668259,0.05736123024281547,0.17153557198041017,0.09649018974388127
157.0,27,68.62975297072687,15.436987609435686,0.44205422096195984,0.8942114832164213,0.10004958887873508,0.09809645812668259,0.05736123024281547,0.17153557198041017,0.09649018974388127
158.0,27,69.08636543564147,15.436987609435686,0.44205422096195984,0.8942114832164213,0.10004958887873508,0.09809645812668259,0.05736123024281547,0.17153557198041017,0.09649018974388127
159.0,27,69.83356597067535,15.436987609435686,0.44205422096195984,0.8942114832164213,0.10004958887873508,0.09809645812668259,0.05736123024281547,0.17153557198041017,0.09649018974388127
160.0,28,70.43338213875656,16.497140931742535,0.45612007744024885,0.8536166926370178,0.08696262166405724,0.15442330832930945,0.1271157137259271,0.15207462330600638,0.1430305334832959
161.0,29,70.59673947648605,17.54667386226081,0.4403917989078265,0.8346482759449358,0.08696262166405724,0.1430230409047938,0.13746527484782461,0.15207462330600638,0.14261025096224866
162.0,29,70.76651633185341,17.54667386226081,0.4403917989078265,0.8702495248416513,0.1006891093193813,0.11133938212968525,0.07954982010526113,0.15184413339273048,0.10672450757252465
163.0,29,70.94084802896896,17.54667386226081,0.4403917989078265,0.8702495248416513,0.1006891093193813,0.11133938212968525,0.07954982010526113,0.15184413339273048,0.10672450757252465
164.0,30,70.8394608679049,18.207576124031196,0.4546992283512975,0.8523574373838718,0.08111401431005212,0.11228865085607807,0.08477470007261778,0.12036865971319388,0.10289907231411712
165.0,30,71.30927218469117,18.207576124031196,0.4546992283512975,0.8774969811477524,0.0984642164475058,0.10515600265607408,0.07097826919366104,0.14198612095502952,0.09885093293089996
166.0,30,71.7791801702922,18.207576124031196,0.4546992283512975,0.8774969811477524,0.0984642164475058,0.10515600265607408,0.07097826919366104,0.14198612095502952,0.09885093293089996
167.0,30,72.11229054973565,18.207576124031196,0.4546992283512975,0.8774969811477524,0.0984642164475058,0.10515600265607408,0.07097826919366104,0.14198612095502952,0.09885093293089996
168.0,32,72.58609593652753,20.075910351075294,0.44106914919169704,0.8204308731431603,0.0984642164475058,0.14759390819179305,0.17802836568973965,0.14198612095502952,0.158646133743619
169.0,32,72.91910572425111,20.075910351075294,0.44106914919169704,0.8413992681413167,0.0984642164475058,0.1145498948015348,0.07384361750675575,0.14198612095502952,0.10375462911432212
170.0,32,73.39192939422682,20.075910351075294,0.44106914919169704,0.8833192962140555,0.0984642164475058,0.10207425045684344,0.06761033095583951,0.14198612095502952,0.09627105675607908
171.0,33,73.86560139242086,20.86356292280892,0.42770341739800927,0.844549140966052,0.0984642164475058,0.1526350289829514,0.12754874888219667,0.14198612095502952,0.14047073533706514
172.0,33,74.19599479251116,20.86356292280892,0.42770341739800927,0.8608401203542885,0.11250562526474961,0.1320833260452589,0.0419702998528293,0.1643838937111185,0.10249822910145898
173.0,35,74.94697142451272,23.182419626257893,0.4580515148611518,0.8505166171687293,0.11917902059663632,0.1247658828330977,0.1213250230068628,0.1614871940355499,0.13073380114309419
174.0,36,75.27404674493779,23.653499092771025,0.44532786167056426,0.8430885080590491,0.11917902059663632,0.10862797097536829,0.07614479975266747,0.1614871940355499,0.10620654709832428
175.0,36,75.87903582273194,23.653499092771025,0.44532786167056426,0.8598156891436584,0.11917902059663632,0.11142161327038096,0.06909166529745782,0.1614871940355499,0.10450275023424549
176.0,37,76.48409217742383,24.84800949258769,0.43329197351730575,0.8186524125718234,0.11917902059663632,0.16316966928337098,0.14947504284950128,0.1614871940355499,0.1573553236602589
177.0,39,77.22827128023394,26.25835722937887,0.4367128979523157,0.8086036188504679,0.1292596610165602,0.13595075200141837,0.1734333431059727,0.1737492395642448,0.15850348595580538
178.0,39,77.82603973048045,26.25835722937887,0.4367128979523157,0.8270369053277112,0.1292596610165602,0.12998630080033466,0.10298737734991345,0.1737492395642448,0.1279393191729482
179.0,40,78.5664452665601,27.068766783196395,0.4415061885151924,0.7984965099327864,0.1333596709068482,0.1332027846473361,0.15744789822766,0.2231292052326314,0.1608861141965247
180.0,40,78.87045851862071,27.068766783196395,0.4415061885151924,0.8452793133911596,0.15501955668809092,0.10233808515912106,0.0582070490626664,0.22214329229748103,0.1086467121482112
181.0,40,79.32014312203653,27.068766783196395,0.4415061885151924,0.8452793133911596,0.15501955668809092,0.10233808515912106,0.0582070490626664,0.22214329229748103,0.1086467121482112
182.0,40,79.77085324785725,27.068766783196395,0.4415061885151924,0.8452793133911596,0.15501955668809092,0.10233808515912106,0.0582070490626664,0.22214329229748103,0.1086467121482112
183.0,40,80.65512087896033,27.068766783196395,0.4415061885151924,0.8452793133911596,0.15501955668809092,0.10233808515912106,0.0582070490626664,0.22214329229748103,0.1086467121482112
184.0,40,80.95737727115313,27.068766783196395,0.4415061885151924,0.8452793133911596,0.15501955668809092,0.10233808515912106,0.0582070490626664,0.22214329229748103,0.1086467121482112
185.0,41,81.407138789014,27.71001276149737,0.44160819438514576,0.8121183241619655,0.15501955668809092,0.16356842936029015,0.17630183013762832,0.22214329229748103,0.1803767622586636
186.0,41,81.85466279083776,27.71001276149737,0.44160819438514576,0.8610253544121373,0.15501955668809092,0.09446984382510334,0.09694538650722516,0.22214329229748103,0.12099475059242762
187.0,41,82.15902197650594,27.71001276149737,0.44160819438514576,0.8610253544121373,0.15501955668809092,0.09446984382510334,0.09694538650722516,0.22214329229748103,0.12099475059242762
188.0,41,82.46585623699629,27.71001276149737,0.44160819438514576,0.8610253544121373,0.15501955668809092,0.09446984382510334,0.09694538650722516,0.22214329229748103,0.12099475059242762
189.0,41,83.06336282138545,27.71001276149737,0.44160819438514576,0.8610253544121373,0.15501955668809092,0.09446984382510334,0.09694538650722516,0.22214329229748103,0.12099475059242762
190.0,41,83.08724532083356,27.71001276149737,0.44160819438514576,0.8610253544121373,0.15501955668809092,0.09446984382510334,0.09694538650722516,0.22214329229748103,0.12099475059242762
191.0,41,83.83162200659632,27.71001276149737,0.44160819438514576,0.8610253544121373,0.15501955668809092,0.09446984382510334,0.09694538650722516,0.22214329229748103,0.12099475059242762
192.0,41,84.57457006319878,27.71001276149737,0.44160819438514576,0.8610253544121373,0.15501955668809092,0.09446984382510334,0.09694538650722516,0.22214329229748103,0.12099475059242762
193.0,41,85.17128100979707,27.71001276149737,0.44160819438514576,0.8610253544121373,0.15501955668809092,0.09446984382510334,0.09694538650722516,0.22214329229748103,0.12099475059242762
194.0,41,85.61993776346829,27.71001276149737,0.44160819438514576,0.8610253544121373,0.15501955668809092,0.09446984382510334,0.09694538650722516,0.22214329229748103,0.12099475059242762
195.0,42,86.21656891468793,28.126875505376635,0.4310937135664518,0.8294971329325839,0.15501955668809092,0.11881689370418577,0.14922451631925462,0.22214329229748103,0.15164522246887238
196.0,42,86.51921312808763,28.126875505376635,0.4310937135664518,0.8545501075824812,0.15501955668809092,0.10467467128013232,0.1069497518425883,0.22214329229748103,0.12907842770858446
197.0,42,87.11461604899766,28.126875505376635,0.4310937135664518,0.8545501075824812,0.15501955668809092,0.10467467128013232,0.1069497518425883,0.22214329229748103,0.12907842770858446
198.0,42,87.7105468096395,28.126875505376635,0.4310937135664518,0.8545501075824812,0.15501955668809092,0.10467467128013232,0.1069497518425883,0.22214329229748103,0.12907842770858446
199.0,42,88.30414687732241,28.126875505376635,0.4310937135664518,0.8545501075824812,0.15501955668809092,0.10467467128013232,0.1069497518425883,0.22214329229748103,0.12907842770858446
200.0,42,88.7522031146065,28.126875505376635,0.4310937135664518,0.8545501075824812,0.15501955668809092,0.10467467128013232,0.1069497518425883,0.22214329229748103,0.12907842770858446
201.0,43,89.64238614289269,28.692659163643576,0.4443240923207204,0.8094287302020464,0.15501955668809092,0.16268332441744732,0.12879675623615236,0.22214329229748103,0.16102069072093608
202.0,43,90.53090527766807,28.692659163643576,0.4443240923207204,0.8694756438204456,0.15501955668809092,0.09652199279109706,0.059907317977965044,0.22214329229748103,0.10700038276712107
203.0,43,91.41942441244346,28.692659163643576,0.4443240923207204,0.8694756438204456,0.15501955668809092,0.09652199279109706,0.059907317977965044,0.22214329229748103,0.10700038276712107
204.0,43,92.30794354721884,28.692659163643576,0.4443240923207204,0.8694756438204456,0.15501955668809092,0.09652199279109706,0.059907317977965044,0.22214329229748103,0.10700038276712107
205.0,43,93.19479878848338,28.692659163643576,0.4443240923207204,0.8963798884927484,0.15501955668809092,0.09074741188287636,0.0641082810879446,0.22214329229748103,0.1063709356478246
206.0,43,94.08165402974794,28.692659163643576,0.4443240923207204,0.8963798884927484,0.15501955668809092,0.09074741188287636,0.0641082810879446,0.22214329229748103,0.1063709356478246
207.0,43,94.9685092710125,28.692659163643576,0.4443240923207204,0.8963798884927484,0.15501955668809092,0.09074741188287636,0.0641082810879446,0.22214329229748103,0.1063709356478246
208.0,43,95.85536451227705,28.692659163643576,0.4443240923207204,0.8963798884927484,0.15501955668809092,0.09074741188287636,0.0641082810879446,0.22214329229748103,0.1063709356478246
209.0,43,96.74221975354162,28.692659163643576,0.4443240923207204,0.8963798884927484,0.15501955668809092,0.09074741188287636,0.0641082810879446,0.22214329229748103,0.1063709356478246
210.0,45,97.62907499480617,31.02381344870651,0.4505508213033598,0.8265637383093015,0.1345419741004879,0.14975579138668077,0.1748682905405841,0.21062929540513006,0.17197549185193195
211.0,45,98.51426634255992,31.02381344870651,0.4505508213033598,0.8782982269982779,0.1405519174306738,0.13364295154216313,0.15979995053824156,0.21466524453406755,0.1603102097389754
212.0,45,99.39779379680284,31.02381344870651,0.4505508213033598,0.8949452725556927,0.14931596997612692,0.10384674488793047,0.06726251509299712,0.21763062975220904,0.11196982994281285
213.0,45,100.28132125104577,31.02381344870651,0.4505508213033598,0.8949452725556927,0.14931596997612692,0.10384674488793047,0.06726251509299712,0.21763062975220904,0.11196982994281285
214.0,45,101.1648487052887,31.02381344870651,0.4505508213033598,0.8949452725556927,0.14931596997612692,0.10384674488793047,0.06726251509299712,0.21763062975220904,0.11196982994281285
215.0,45,102.04837615953163,31.02381344870651,0.4505508213033598,0.8949452725556927,0.14931596997612692,0.10384674488793047,0.06726251509299712,0.21763062975220904,0.11196982994281285
216.0,47,102.93190361377455,32.94428583639538,0.45265504167342957,0.7824481076553063,0.14931596997612692,0.16356030510851452,0.10342390969961407,0.21763062975220904,0.15031981187369325
217.0,47,103.81376717450667,32.94428583639538,0.45265504167342957,0.8372851040063877,0.14931596997612692,0.1309835157606502,0.06255834308666625,0.21763062975220904,0.12094286948936839
218.0,48,104.69396684172794,33.663219252606865,0.4552318167607925,0.8254334987356517,0.15232617272252819,0.12439480825984346,0.09254039950805833,0.22795958637894215,0.13236600038294916
219.0,48,105.57250261543842,33.663219252606865,0.4552318167607925,0.8473974915105956,0.15232617272252819,0.11273574812169679,0.07018748684169833,0.22795958637894215,0.11876121126114648
220.0,48,106.4510383891489,33.663219252606865,0.4552318167607925,0.8473974915105956,0.15232617272252819,0.11273574812169679,0.07018748684169833,0.22795958637894215,0.11876121126114648
221.0,48,107.32957416285939,33.663219252606865,0.4552318167607925,0.8473974915105956,0.15232617272252819,0.11273574812169679,0.07018748684169833,0.22795958637894215,0.11876121126114648
222.0,48,108.2081099365699,33.663219252606865,0.4552318167607925,0.8473974915105956,0.15232617272252819,0.11273574812169679,0.07018748684169833,0.22795958637894215,0.11876121126114648
223.0,48,109.08664571028035,33.663219252606865,0.4552318167607925,0.8473974915105956,0.15232617272252819,0.11273574812169679,0.07018748684169833,0.22795958637894215,0.11876121126114648
224.0,48,109.96518148399089,33.663219252606865,0.4552318167607925,0.8473974915105956,0.15232617272252819,0.11273574812169679,0.07018748684169833,0.22795958637894215,0.11876121126114648
225.0,48,110.8437172577014,33.663219252606865,0.4552318167607925,0.8473974915105956,0.15232617272252819,0.11273574812169679,0.07018748684169833,0.22795958637894215,0.11876121126114648
226.0,49,111.72225303141188,35.15046467581338,0.4570179110599632,0.8117962426138803,0.1385996850672041,0.10985380458249767,0.09366503734957855,0.2157101373995672,0.12454956425274394
227.0,50,112.59912491161161,35.60617314231977,0.4580615509798108,0.8222872179779672,0.12539152872349754,0.09907098529457077,0.08395029529453102,0.2027381342213456,0.11375613907990986
228.0,51,113.47433289830047,37.40530227057709,0.449079951940991,0.8319982665207301,0.12683006043662548,0.12180146668436329,0.1430606206979541,0.20386488218949117,0.1467178113908252
229.0,52,114.3478769914785,38.08578681517634,0.4541703703584998,0.8394312940531461,0.10947985829917178,0.0681250076895756,0.08973486790556633,0.19529518810717314,0.1022029878594914
230.0,53,115.21975719114573,38.96373409158754,0.45561840272102544,0.8264498892084388,0.1109293725270924,0.10031660267108967,0.07631997168829996,0.1997364551336309,0.11060192077048203
231.0,54,116.09163739081299,40.155314533366486,0.45770322056481627,0.7845298611357001,0.1109293725270924,0.11463898257189012,0.10830348302031204,0.1997364551336309,0.12912427726360703
232.0,54,116.9618536969694,40.155314533366486,0.45770322056481627,0.8262572835521211,0.1109293725270924,0.11537087171128399,0.0950451106190721,0.1997364551336309,0.12411368395886863
233.0,54,117.830406109615,40.155314533366486,0.45770322056481627,0.8483645719087416,0.11290431470460373,0.09174933585472007,0.07097788919314263,0.2067018394032556,0.10643125789979621
234.0,56,118.69895852226058,42.58514866622546,0.4592138198303585,0.7699244779269402,0.11290431470460373,0.19255284352964028,0.19567589636715965,0.2067018394032556,0.19663186383937112
235.0,56,119.56584704139533,42.58514866622546,0.4592138198303585,0.8397226981897996,0.11290431470460373,0.13674047351607918,0.07533047096416697,0.2067018394032556,0.12616874567274958
236.0,56,120.4310716670193,42.58514866622546,0.4592138198303585,0.8962430789237782,0.11290431470460373,0.07746641454567105,0.07844155693846488,0.2067018394032556,0.1037035564743055
237.0,56,121.29629629264326,42.58514866622546,0.4592138198303585,0.8962430789237782,0.11290431470460373,0.07746641454567105,0.07844155693846488,0.2067018394032556,0.1037035564743055
238.0,56,122.16152091826721,42.58514866622546,0.4592138198303585,0.8962430789237782,0.11290431470460373,0.07746641454567105,0.07844155693846488,0.2067018394032556,0.1037035564743055
239.0,56,123.0267455438912,42.58514866622546,0.4592138198303585,0.8962430789237782,0.11290431470460373,0.07746641454567105,0.07844155693846488,0.2067018394032556,0.1037035564743055
240.0,56,123.89197016951519,42.58514866622546,0.4592138198303585,0.8962430789237782,0.11290431470460373,0.07746641454567105,0.07844155693846488,0.2067018394032556,0.1037035564743055
241.0,56,124.75719479513917,42.58514866622546,0.4592138198303585,0.8962430789237782,0.11290431470460373,0.07746641454567105,0.07844155693846488,0.2067018394032556,0.1037035564743055
242.0,57,125.62241942076308,43.20953951754386,0.45115743702631717,0.8659733705682423,0.11290431470460373,0.11379115702453331,0.09319116625386213,0.2067018394032556,0.1241332971920093
243.0,57,126.48764404638705,43.20953951754386,0.45115743702631717,0.8659733705682423,0.11290431470460373,0.11379115702453331,0.09319116625386213,0.2067018394032556,0.1241332971920093
244.0,57,127.35286867201097,43.20953951754386,0.45115743702631717,0.8659733705682423,0.11290431470460373,0.11379115702453331,0.09319116625386213,0.2067018394032556,0.1241332971920093
245.0,57,128.21809329763497,43.20953951754386,0.45115743702631717,0.8659733705682423,0.11290431470460373,0.11379115702453331,0.09319116625386213,0.2067018394032556,0.1241332971920093
246.0,57,129.08331792325893,43.20953951754386,0.45115743702631717,0.8659733705682423,0.11290431470460373,0.11379115702453331,0.09319116625386213,0.2067018394032556,0.1241332971920093
247.0,57,129.9485425488829,43.20953951754386,0.45115743702631717,0.8659733705682423,0.11290431470460373,0.11379115702453331,0.09319116625386213,0.2067018394032556,0.1241332971920093
248.0,57,130.81376717450684,43.20953951754386,0.45115743702631717,0.8659733705682423,0.11290431470460373,0.11379115702453331,0.09319116625386213,0.2067018394032556,0.1241332971920093
249.0,58,131.67899180013083,44.65485367974735,0.4597427673247651,0.8191905671098691,0.09124442892336104,0.16841986811103277,0.15255675885318654,0.20548909545113597,0.16948846987591493
250.0,58,132.54255253224395,44.65485367974735,0.4597427673247651,0.8399111271889557,0.09124442892336104,0.14060564571233322,0.11287253124141922,0.20548909545113597,0.14248908987172818
251.0,58,133.4044493708463,44.65485367974735,0.4597427673247651,0.8797446035430818,0.09124442892336104,0.09511995063776697,0.05619215723355848,0.20548909545113597,0.10162266223875738
252.0,60,134.26634620944864,45.969212743299735,0.4498705912302082,0.8072767335340847,0.08554319488534715,0.12870075866088931,0.1188669358007518,0.20288466233708416,0.13960401025207328
253.0,60,135.12657915454017,45.969212743299735,0.4498705912302082,0.8498565871842817,0.08554319488534715,0.1191605540984134,0.08230778305431062,0.20288466233708416,0.12116426732850645
254.0,61,135.9868120996317,47.16543676714012,0.45322186518785296,0.8335656077960453,0.07150178606810334,0.11473258805826919,0.11632594279697843,0.1757052755543558,0.12756446745297023
255.0,61,136.84704504472322,47.16543676714012,0.45322186518785296,0.8335656077960453,0.07150178606810334,0.11473258805826919,0.11632594279697843,0.1757052755543558,0.12756446745297023
256.0,62,137.70727798981477,48.374363472131,0.4459118351041779,0.8094991430650816,0.07150178606810334,0.11643106210889696,0.14315519108667793,0.1757052755543558,0.13897555638910114
257.0,62,138.56584704139544,48.374363472131,0.4459118351041779,0.8322724433693351,0.07150178606810334,0.12084727659711858,0.11306421029312815,0.1757052755543558,0.12870564986696986
258.0,62,139.42441609297614,48.374363472131,0.4459118351041779,0.8322724433693351,0.07150178606810334,0.12084727659711858,0.11306421029312815,0.1757052755543558,0.12870564986696986
259.0,62,140.28298514455682,48.374363472131,0.4459118351041779,0.8322724433693351,0.07150178606810334,0.12084727659711858,0.11306421029312815,0.1757052755543558,0.12870564986696986
260.0,62,141.14155419613752,48.374363472131,0.4459118351041779,0.8322724433693351,0.07150178606810334,0.12084727659711858,0.11306421029312815,0.1757052755543558,0.12870564986696986
261.0,62,142.00012324771822,48.374363472131,0.4459118351041779,0.8322724433693351,0.07150178606810334,0.12084727659711858,0.11306421029312815,0.1757052755543558,0.12870564986696986
262.0,62,142.85869229929892,48.374363472131,0.4459118351041779,0.8322724433693351,0.07150178606810334,0.12084727659711858,0.11306421029312815,0.1757052755543558,0.12870564986696986
263.0,63,143.71726135087962,49.88925564284276,0.446570213564795,0.8156253978119203,0.06273773352265025,0.13513113258162623,0.15863098960175379,0.17782940839135983,0.15307073055162398
264.0,63,144.5741665089495,49.88925564284276,0.446570213564795,0.8599960835596536,0.06693605985677391,0.11612269859751809,0.07645675902214007,0.1802040398949592,0.1130725910268551
265.0,63,145.43107166701944,49.88925564284276,0.446570213564795,0.8599960835596536,0.06693605985677391,0.11612269859751809,0.07645675902214007,0.1802040398949592,0.1130725910268551
266.0,64,146.28797682508932,51.12686515125015,0.4395925539778451,0.7999491699412542,0.06693605985677391,0.17318009225042671,0.08604854369484645,0.1802040398949592,0.1397322623571011
267.0,65,147.1432180896484,52.0583379565386,0.4407464538091503,0.8181886276548727,0.04198168784268425,0.14641321231949422,0.10731276509978359,0.0841169490009701,0.11831378076790515
268.0,65,147.99679546069663,52.0583379565386,0.4407464538091503,0.8622604052197912,0.04198168784268425,0.1138536187744497,0.09797731783438793,0.0841169490009701,0.10155576444372907
269.0,65,148.8487089382341,52.0583379565386,0.4407464538091503,0.8947208081178974,0.0564873581200251,0.10688497091667967,0.0840840792401204,0.10590219017755084,0.09756805809823021
270.0,66,149.70062241577153,53.57786087131662,0.43873663588401,0.8429863194289211,0.05047741478983919,0.09667678276920037,0.08504223533794998,0.09208962958614482,0.0911055331600891
271.0,66,150.55087199979815,53.57786087131662,0.43873663588401,0.8783225075081568,0.05047741478983919,0.10576032990230408,0.09174195570171012,0.09208962958614482,0.09741884015883465
272.0,66,151.39945769031394,53.57786087131662,0.43873663588401,0.9027677608443511,0.06618027516583272,0.10519668106889556,0.09545667753599345,0.11197215620042283,0.10265577468204017
273.0,66,152.24804338082976,53.57786087131662,0.43873663588401,0.9027677608443511,0.06618027516583272,0.10519668106889556,0.09545667753599345,0.11197215620042283,0.10265577468204017
274.0,67,153.09662907134557,54.647074301063746,0.43218832788574124,0.8777147861944538,0.06618027516583272,0.11767257139298676,0.12205877030483545,0.11197215620042283,0.11828696791921346
275.0,68,153.94355086835054,55.46061735109086,0.4357435609465227,0.8416476297901797,0.05609963474590885,0.13971812030280972,0.10262955613916927,0.09788991342707482,0.11651705326220657
276.0,68,154.78880877184474,55.46061735109086,0.4357435609465227,0.8877066212078526,0.061569543071213935,0.09811412967745589,0.10782163185047645,0.104822953335244,0.10333889527822175
277.0,68,155.63240278182812,55.46061735109086,0.4357435609465227,0.9067233797258726,0.07310396291362081,0.09018635235644236,0.10094397426060314,0.12187318043020537,0.10082676673285929
278.0,68,156.47599679181147,55.46061735109086,0.4357435609465227,0.9067233797258726,0.07310396291362081,0.09018635235644236,0.10094397426060314,0.12187318043020537,0.10082676673285929
279.0,69,157.31959080179487,56.5615496127622,0.43767596333104597,0.8578163494757004,0.07310396291362081,0.16628898344437235,0.15429781590611163,0.12187318043020537,0.15260935582623467
280.0,69,158.16318481177822,56.5615496127622,0.43767596333104597,0.8578163494757004,0.07310396291362081,0.16628898344437235,0.15429781590611163,0.12187318043020537,0.15260935582623467
281.0,70,159.00677882176157,57.14931834339288,0.43806228701232425,0.8369745088169217,0.0629475686056166,0.15330153920074646,0.15048172563092826,0.11321315785400532,0.14415593750347097
282.0,70,159.84870893823413,57.14931834339288,0.43806228701232425,0.8714439747993579,0.06579280425142633,0.12097517064163464,0.0839150775469477,0.11578016431320173,0.10511213213807327
283.0,70,160.69063905470668,57.14931834339288,0.43806228701232425,0.8714439747993579,0.06579280425142633,0.12097517064163464,0.0839150775469477,0.11578016431320173,0.10511213213807327
284.0,72,161.53256917117923,58.49842394720273,0.4397662547272832,0.8222877935940127,0.057669894691619,0.13467636978743716,0.12364155453482746,0.09768389552796586,0.12286394883449903
285.0,72,162.37283539414096,58.49842394720273,0.4397662547272832,0.8886848415049992,0.06487421220972461,0.10469419462927172,0.10714957011525211,0.11309771746884302,0.10735704939157814
286.0,73,163.21143772359187,59.7064739860198,0.43374205945704647,0.882218764860282,0.06487421220972461,0.16180504788491942,0.13337883033603273,0.11309771746884302,0.14069309478214947
287.0,73,164.04837615953195,59.7064739860198,0.43374205945704647,0.9362832676560019,0.06487421220972461,0.057406597178464434,0.09044226572729074,0.11309771746884302,0.08175908865607068
288.0,73,164.88365070196122,59.7064739860198,0.43374205945704647,0.9517608649174986,0.06487421220972461,0.05384906540457507,0.07289742669876045,0.11309771746884302,0.07331814033510281
289.0,73,165.71892524439048,59.7064739860198,0.43374205945704647,0.9517608649174986,0.06487421220972461,0.05384906540457507,0.07289742669876045,0.11309771746884302,0.07331814033510281
290.0,73,166.55419978681977,59.7064739860198,0.43374205945704647,0.9517608649174986,0.06487421220972461,0.05384906540457507,0.07289742669876045,0.11309771746884302,0.07331814033510281
291.0,73,167.38947432924905,59.7064739860198,0.43374205945704647,0.9517608649174986,0.06487421220972461,0.05384906540457507,0.07289742669876045,0.11309771746884302,0.07331814033510281
292.0,74,168.22474887167834,59.906332941465514,0.4278806802751945,0.9248566202451957,0.06487421220972461,0.045117017342024675,0.08084888813000458,0.11309771746884302,0.07300590568258031
293.0,74,169.0583595205968,59.906332941465514,0.4278806802751945,0.9405731951699687,0.06487421220972461,0.04351190535867957,0.03404108295319276,0.11309771746884302,0.05364073881851754
294.0,74,169.89030627600445,59.906332941465514,0.4278806802751945,0.9659447910220866,0.06487421220972461,0.040916330756039364,0.04060041736807786,0.11309771746884302,0.05522624274341549
295.0,74,170.72225303141215,59.906332941465514,0.4278806802751945,0.9659447910220866,0.06487421220972461,0.040916330756039364,0.04060041736807786,0.11309771746884302,0.05522624274341549
296.0,74,171.55419978681977,59.906332941465514,0.4278806802751945,0.9659447910220866,0.06487421220972461,0.040916330756039364,0.04060041736807786,0.11309771746884302,0.05522624274341549
297.0,74,172.3861465422274,59.906332941465514,0.4278806802751945,0.9659447910220866,0.06487421220972461,0.040916330756039364,0.04060041736807786,0.11309771746884302,0.05522624274341549
298.0,74,173.21809329763508,59.906332941465514,0.4278806802751945,0.9659447910220866,0.06487421220972461,0.040916330756039364,0.04060041736807786,0.11309771746884302,0.05522624274341549
299.0,74,174.05004005304272,59.906332941465514,0.4278806802751945,0.9659447910220866,0.06487421220972461,0.040916330756039364,0.04060041736807786,0.11309771746884302,0.05522624274341549
300.0,74,174.8819868084504,59.906332941465514,0.4278806802751945,0.9659447910220866,0.06487421220972461,0.040916330756039364,0.04060041736807786,0.11309771746884302,0.05522624274341549
301.0,75,175.71393356385803,61.6855079405209,0.43550893787152517,0.8961465707592271,0.06487421220972461,0.18447082606936085,0.16195273713183256,0.11309771746884302,0.16118896877424596
302.0,75,176.54421642575488,61.6855079405209,0.43550893787152517,0.9595435700866382,0.06487421220972461,0.042099365596657556,0.040522761565135894,0.11309771746884302,0.05566839435848599
303.0,76,177.37449928765173,62.96559504632492,0.42977855711005775,0.9169637164364409,0.06487421220972461,0.04480048496748304,0.05955471978366711,0.11309771746884302,0.06436162539422867
304.0,76,178.20311825603773,62.96559504632492,0.42977855711005775,0.9542221002348575,0.06487421220972461,0.041826203077471404,0.05171223770268044,0.11309771746884302,0.06003491980582934
305.0,76,179.03173722442375,62.96559504632492,0.42977855711005775,0.9542221002348575,0.06487421220972461,0.041826203077471404,0.05171223770268044,0.11309771746884302,0.06003491980582934
306.0,77,179.86035619280977,63.48493625046296,0.42419701740732974,0.9270220931700925,0.06487421220972461,0.047612030743625064,0.06858780118471014,0.11309771746884302,0.06909947626510268
307.0,78,180.68731126768498,64.39471178663875,0.4315791069277486,0.8908450141560662,0.06487421220972461,0.129737596353894,0.11425564120939131,0.11309771746884302,0.12021683851908274
308.0,78,181.51260244904935,64.39471178663875,0.4315791069277486,0.9420413233404982,0.06487421220972461,0.04293739268115987,0.048560244116952145,0.11309771746884302,0.05921859821301341
309.0,78,182.33789363041376,64.39471178663875,0.4315791069277486,0.9420413233404982,0.06487421220972461,0.04293739268115987,0.048560244116952145,0.11309771746884302,0.05921859821301341
310.0,78,183.16318481177814,64.39471178663875,0.4315791069277486,0.9420413233404982,0.06487421220972461,0.04293739268115987,0.048560244116952145,0.11309771746884302,0.05921859821301341
311.0,78,183.98847599314252,64.39471178663875,0.4315791069277486,0.9420413233404982,0.06487421220972461,0.04293739268115987,0.048560244116952145,0.11309771746884302,0.05921859821301341
312.0,78,184.81376717450692,64.39471178663875,0.4315791069277486,0.9420413233404982,0.06487421220972461,0.04293739268115987,0.048560244116952145,0.11309771746884302,0.05921859821301341
313.0,78,185.6390583558713,64.39471178663875,0.4315791069277486,0.9420413233404982,0.06487421220972461,0.04293739268115987,0.048560244116952145,0.11309771746884302,0.05921859821301341
314.0,79,186.46434953723573,64.8716065197079,0.4277167058757601,0.9113618797995792,0.06343568049659667,0.07249596774927942,0.07585457337654579,0.1124241782413749,0.08182505209860508
315.0,79,187.2896407186001,64.8716065197079,0.4277167058757601,0.9113618797995792,0.06343568049659667,0.07249596774927942,0.07585457337654579,0.1124241782413749,0.08182505209860508
316.0,79,188.11493189996452,64.8716065197079,0.4277167058757601,0.9113618797995792,0.06343568049659667,0.07249596774927942,0.07585457337654579,0.1124241782413749,0.08182505209860508
317.0,79,188.9402230813289,64.8716065197079,0.4277167058757601,0.9113618797995792,0.06343568049659667,0.07249596774927942,0.07585457337654579,0.1124241782413749,0.08182505209860508
318.0,80,189.76551426269327,66.23087675882763,0.4223702470523131,0.8672901022346603,0.06343568049659667,0.07935901370137749,0.08931971589654633,0.1124241782413749,0.08995632748744452
319.0,80,190.58914155054686,66.23087675882763,0.4223702470523131,0.9030935895015852,0.06343568049659667,0.08819111525374732,0.08303056412811338,0.1124241782413749,0.09097350740101927
320.0,80,191.4127688384004,66.23087675882763,0.4223702470523131,0.9030935895015852,0.06343568049659667,0.08819111525374732,0.08303056412811338,0.1124241782413749,0.09097350740101927
321.0,80,192.23639612625402,66.23087675882763,0.4223702470523131,0.9030935895015852,0.06343568049659667,0.08819111525374732,0.08303056412811338,0.1124241782413749,0.09097350740101927
322.0,80,193.0600234141076,66.23087675882763,0.4223702470523131,0.9030935895015852,0.06343568049659667,0.08819111525374732,0.08303056412811338,0.1124241782413749,0.09097350740101927
323.0,81,193.88365070196116,67.65844123899524,0.4171557995578401,0.8677574014223494,0.06343568049659667,0.090402529733333,0.08704226665298516,0.1124241782413749,0.09346275420280224
324.0,83,194.70561409630395,69.68049043530556,0.40710385258054277,0.7985465204138349,0.06343568049659667,0.15269552640652592,0.12627697465610604,0.1124241782413749,0.1340738360733278
325.0,83,195.52591359713588,69.68049043530556,0.40710385258054277,0.8613168037606818,0.06343568049659667,0.1214664146551631,0.09362314515993804,0.1124241782413749,0.10852065957431545
326.0,83,196.34454920445705,69.68049043530556,0.40710385258054277,0.9039780943324055,0.06343568049659667,0.07531061168483133,0.08165828633259788,0.1124241782413749,0.08527239485524667
327.0,83,197.16152091826734,69.68049043530556,0.40710385258054277,0.9317017702124682,0.07210742648247383,0.07876738290945594,0.06552175487941292,0.11771159374916745,0.08125797386538103
328.0,83,197.97849263207766,69.68049043530556,0.40710385258054277,0.9317017702124682,0.07210742648247383,0.07876738290945594,0.06552175487941292,0.11771159374916745,0.08125797386538103
329.0,83,198.79546434588795,69.68049043530556,0.40710385258054277,0.9317017702124682,0.07210742648247383,0.07876738290945594,0.06552175487941292,0.11771159374916745,0.08125797386538103
330.0,83,199.61243605969827,69.68049043530556,0.40710385258054277,0.9317017702124682,0.07210742648247383,0.07876738290945594,0.06552175487941292,0.11771159374916745,0.08125797386538103
331.0,85,200.4294077735086,70.97296524347028,0.4019491243091425,0.867867059439427,0.07013248430496252,0.10953027518488596,0.10914486157895445,0.11973188530021558,0.11141643176557929
332.0,86,201.24471559380808,71.43438183235801,0.40392007907956234,0.8629331206588226,0.05442962392896899,0.08682660165070104,0.10799605150703731,0.09190661817917713,0.09631038489893078
333.0,87,202.06002341410758,72.30162495689694,0.4093300465476952,0.8233380127531392,0.05442962392896899,0.12675803151073325,0.13703947159832283,0.09190661817917713,0.12390032487945787
334.0,87,202.87366734089625,72.30162495689694,0.4093300465476952,0.8741323312830093,0.05442962392896899,0.1141862416082319,0.11664571234002481,0.09190661817917713,0.11071410521513812
335.0,87,203.68564737417412,72.30162495689694,0.4093300465476952,0.9095741949864969,0.05442962392896899,0.07666685261785676,0.09343538515930354,0.09190661817917713,0.08642221874669954
336.0,87,204.49762740745197,72.30162495689694,0.4093300465476952,0.9095741949864969,0.05442962392896899,0.07666685261785676,0.09343538515930354,0.09190661817917713,0.08642221874669954
337.0,88,205.30960744072988,73.55067471453044,0.41087323150979815,0.8652035092387637,0.05023129759484533,0.10420338797816883,0.15961821965552828,0.08002495839727197,0.12153363473293324
338.0,89,206.11992358049693,74.23457424171212,0.41041067863392505,0.8700608910923964,0.03572562731750448,0.105749096777163,0.099222692152284,0.05788546054318778,0.09356580768041636
339.0,89,206.92857582675316,74.23457424171212,0.41041067863392505,0.893942642895651,0.06033319123151118,0.0942906868735138,0.05618644588569031,0.09641214197842256,0.07947328149936617
340.0,90,207.73722807300942,75.0823304834146,0.405850559982437,0.8398781400999311,0.06033319123151118,0.18368394440300578,0.09864391342257392,0.09641214197842256,0.1322135715259164
341.0,90,208.54421642575483,75.0823304834146,0.405850559982437,0.9036325651178212,0.06033319123151118,0.1462951812687975,0.08203276256498285,0.09641214197842256,0.11061360592919665
342.0,90,209.3512047785003,75.0823304834146,0.405850559982437,0.9036325651178212,0.06033319123151118,0.1462951812687975,0.08203276256498285,0.09641214197842256,0.11061360592919665
343.0,91,210.15819313124567,75.51335000254123,0.40791256573110557,0.884615806599801,0.04879877138910431,0.16347000109881313,0.09113016831422248,0.09349933259912058,0.12053993428503837
344.0,91,210.96351759048028,75.51335000254123,0.40791256573110557,0.9402606937297144,0.056085718973688026,0.0897645100613605,0.07719783824222597,0.09316527560752332,0.08541799444293925
345.0,92,211.76884204971486,76.70795689221147,0.40347873349489793,0.9195401336506278,0.056085718973688026,0.0842880078761693,0.12102171166147105,0.09316527560752332,0.1007569429365608
346.0,92,212.57250261543868,76.70795689221147,0.40347873349489793,0.9430360778927737,0.056085718973688026,0.06415028610882784,0.07017879900265353,0.09316527560752332,0.07236468916609722
347.0,93,213.3761631811625,77.22316855546327,0.3991402524895764,0.9169295832411943,0.056085718973688026,0.0721899623061859,0.0709556283709796,0.09316527560752332,0.07589129139237087
348.0,93,214.17815985337546,77.22316855546327,0.3991402524895764,0.9385407929491921,0.056085718973688026,0.06444851155231501,0.07792252960109335,0.09316527560752332,0.07558147158286802
349.0,93,214.98015652558846,77.22316855546327,0.3991402524895764,0.9385407929491921,0.056085718973688026,0.06444851155231501,0.07792252960109335,0.09316527560752332,0.07558147158286802
350.0,93,215.78215319780142,77.22316855546327,0.3991402524895764,0.9385407929491921,0.056085718973688026,0.06444851155231501,0.07792252960109335,0.09316527560752332,0.07558147158286802
351.0,93,216.58414987001441,77.22316855546327,0.3991402524895764,0.9385407929491921,0.056085718973688026,0.06444851155231501,0.07792252960109335,0.09316527560752332,0.07558147158286802
352.0,93,217.38614654222738,77.22316855546327,0.3991402524895764,0.9385407929491921,0.056085718973688026,0.06444851155231501,0.07792252960109335,0.09316527560752332,0.07558147158286802
353.0,93,218.18814321444034,77.22316855546327,0.3991402524895764,0.9385407929491921,0.056085718973688026,0.06444851155231501,0.07792252960109335,0.09316527560752332,0.07558147158286802
354.0,94,218.9901398866534,78.41647538287746,0.40553237746309156,0.9157674926449385,0.056085718973688026,0.08556645245550086,0.1247687180416274,0.09316527560752332,0.10276712332035597
355.0,94,219.7904726653555,78.41647538287746,0.40553237746309156,0.9382790140584748,0.056085718973688026,0.06407961526927967,0.06285321764159912,0.09316527560752332,0.06940618828585618
356.0,94,220.59080544405762,78.41647538287746,0.40553237746309156,0.9382790140584748,0.056085718973688026,0.06407961526927967,0.06285321764159912,0.09316527560752332,0.06940618828585618
357.0,96,221.39113822275974,80.7297629820862,0.4075004529326105,0.908353042072597,0.056085718973688026,0.07755653436066089,0.11808556292328778,0.09316527560752332,0.09688989403508413
358.0,97,222.18980710795117,81.95903863243254,0.40531157199010875,0.8989416887588488,0.053240483327878285,0.13491373627063588,0.13093353177196743,0.08277992132430487,0.12289489148190232
359.0,98,222.9868120996316,82.67572942753863,0.4064443720658478,0.8951586311770745,0.059129221657744584,0.08516050397148973,0.07621697983852425,0.10485602406689787,0.08552219833738518
360.0,98,223.78381709131213,82.67572942753863,0.4064443720658478,0.8951586311770745,0.059129221657744584,0.08516050397148973,0.07621697983852425,0.10485602406689787,0.08552219833738518
361.0,99,224.58082208299268,84.03384112214334,0.4124398834591221,0.8317616318496632,0.059129221657744584,0.1751648932055263,0.16065424874765888,0.10485602406689787,0.15529886159465367
362.0,99,225.3761631811623,84.03384112214334,0.4124398834591221,0.888235118434904,0.059129221657744584,0.08394528738232236,0.0777122684155948,0.10485602406689787,0.08563422713254644
363.0,99,226.171504279332,84.03384112214334,0.4124398834591221,0.888235118434904,0.059129221657744584,0.08394528738232236,0.0777122684155948,0.10485602406689787,0.08563422713254644
364.0,101,226.96684537750167,85.0142889709,0.4118671431203225,0.8168045311651133,0.05365931333243951,0.09404143219474607,0.09190411916931295,0.10614536803886745,0.09560729415339711
365.0,102,227.76052258216063,86.19891273762333,0.4121669445372077,0.7810675606139753,0.046454995814333905,0.10633224399906765,0.07993563810666562,0.1043025756184721,0.09536766796598774
366.0,102,228.55253589330871,86.19891273762333,0.4121669445372077,0.8239517038997368,0.046454995814333905,0.11160532011406549,0.09416588299984842,0.1043025756184721,0.10316899636926
367.0,102,229.34288531094595,86.19891273762333,0.4121669445372077,0.8651904242603721,0.056042516143224544,0.08786212685870433,0.018998065829870063,0.12298832229442565,0.06734174153431488
368.0,102,230.13323472858332,86.19891273762333,0.4121669445372077,0.8651904242603721,0.056042516143224544,0.08786212685870433,0.018998065829870063,0.12298832229442565,0.06734174153431488
369.0,102,230.92358414622058,86.19891273762333,0.4121669445372077,0.8651904242603721,0.056042516143224544,0.08786212685870433,0.018998065829870063,0.12298832229442565,0.06734174153431488
370.0,104,231.71393356385784,89.23348490468335,0.40424065714226143,0.795334197738885,0.056042516143224544,0.17452354694251784,0.137900454791312,0.12298832229442565,0.14956726515241708
371.0,104,232.50261908798424,89.23348490468335,0.40424065714226143,0.8483229356807226,0.056042516143224544,0.10242351979289692,0.051357768789685516,0.12298832229442565,0.0861101798919181
372.0,104,233.28964071859988,89.23348490468335,0.40424065714226143,0.8887954949839657,0.056042516143224544,0.09748338319913946,0.04098201898956069,0.12298832229442565,0.0799838253343652
373.0,104,234.0766623492155,89.23348490468335,0.40424065714226143,0.8887954949839657,0.056042516143224544,0.09748338319913946,0.04098201898956069,0.12298832229442565,0.0799838253343652
374.0,105,234.86368397983114,89.5835665961449,0.4061690639684155,0.8733178977224689,0.056042516143224544,0.10288260731214294,0.0504425015054151,0.12298832229442565,0.08592770798590835
375.0,105,235.6490417169359,89.5835665961449,0.4061690639684155,0.9050076536994793,0.056042516143224544,0.0836258375906397,0.04058707316774022,0.12298832229442565,0.0742828287622371
376.0,106,236.43273556052992,90.25063875608718,0.40233728034607197,0.8929835021720912,0.056042516143224544,0.10864997166851668,0.06488361974151145,0.12298832229442565,0.09401110102289639
377.0,107,237.21476551061306,91.58675273681146,0.39857711884751057,0.8555773750984359,0.056042516143224544,0.13055433517799978,0.08135094976063138,0.12298832229442565,0.1093597784343376
378.0,107,237.9951315671855,91.58675273681146,0.39857711884751057,0.9245629971395013,0.056042516143224544,0.04525581035376464,0.054852018291503934,0.12298832229442565,0.06464079591699257
379.0,107,238.77383373024705,91.58675273681146,0.39857711884751057,0.943532830022495,0.056042516143224544,0.040548018306425175,0.032948350574231025,0.12298832229442565,0.05399621201114761
380.0,108,239.55253589330866,92.11504783565617,0.3948865899692929,0.9077293427555704,0.056042516143224544,0.06926076700683444,0.04728373131220997,0.12298832229442565,0.0712154637865029
381.0,108,240.33123805637018,92.11504783565617,0.3948865899692929,0.9077293427555704,0.056042516143224544,0.06926076700683444,0.04728373131220997,0.12298832229442565,0.0712154637865029
382.0,108,241.10994021943173,92.11504783565617,0.3948865899692929,0.9077293427555704,0.056042516143224544,0.06926076700683444,0.04728373131220997,0.12298832229442565,0.0712154637865029
383.0,108,241.88864238249326,92.11504783565617,0.3948865899692929,0.9077293427555704,0.056042516143224544,0.06926076700683444,0.04728373131220997,0.12298832229442565,0.0712154637865029
384.0,108,242.66734454555484,92.11504783565617,0.3948865899692929,0.9077293427555704,0.056042516143224544,0.06926076700683444,0.04728373131220997,0.12298832229442565,0.0712154637865029
385.0,108,243.4460467086164,92.11504783565617,0.3948865899692929,0.9077293427555704,0.056042516143224544,0.06926076700683444,0.04728373131220997,0.12298832229442565,0.0712154637865029
386.0,108,244.224748871678,92.11504783565617,0.3948865899692929,0.9077293427555704,0.056042516143224544,0.06926076700683444,0.04728373131220997,0.12298832229442565,0.0712154637865029
387.0,108,245.0034510347396,92.11504783565617,0.3948865899692929,0.9077293427555704,0.056042516143224544,0.06926076700683444,0.04728373131220997,0.12298832229442565,0.0712154637865029
388.0,109,245.7821531978012,92.61045409209002,0.39372601287337144,0.8800056668755075,0.04737077015734739,0.07549071239997951,0.048515491463208674,0.10859478284929032,0.07132143811513333
389.0,110,246.5608553608627,93.23636965011548,0.39014668548361353,0.8604943523199178,0.04737077015734739,0.0552094443352033,0.06268432916158173,0.10859478284929032,0.06887646596857208
390.0,110,247.33789363041345,93.23636965011548,0.39014668548361353,0.8875024472416689,0.04737077015734739,0.0780852101780556,0.04464743190583402,0.10859478284929032,0.07081201340341392
391.0,110,248.11326800645338,93.23636965011548,0.39014668548361353,0.9182396297787875,0.04737077015734739,0.05982139172011398,0.04633328955192601,0.10859478284929032,0.06418082907867406
392.0,110,248.88697848898255,93.23636965011548,0.39014668548361353,0.9402092184739849,0.05512323724193248,0.04839364629491411,0.03643594227356165,0.15774616729769247,0.06548106888692881
393.0,111,249.6606889715116,94.06319156021884,0.38663185047925663,0.902891433722246,0.05512323724193248,0.09285262316699451,0.1059870739722539,0.15774616729769247,0.11108511231523788
394.0,111,250.43273556052992,94.06319156021884,0.38663185047925663,0.9249454725572659,0.05512323724193248,0.06754548877890702,0.06482145692676881,0.15774616729769247,0.08449601174180883
395.0,111,251.20311825603736,94.06319156021884,0.38663185047925663,0.9467191111986915,0.05512323724193248,0.051817527162854086,0.033241095557676396,0.15774616729769247,0.0655726825477507
396.0,111,251.97350095154485,94.06319156021884,0.38663185047925663,0.9467191111986915,0.05512323724193248,0.051817527162854086,0.033241095557676396,0.15774616729769247,0.0655726825477507
397.0,111,252.74388364705234,94.06319156021884,0.38663185047925663,0.9467191111986915,0.05512323724193248,0.051817527162854086,0.033241095557676396,0.15774616729769247,0.0655726825477507
398.0,112,253.5142663425598,94.75699963766355,0.38317978038569184,0.8959247926688214,0.05512323724193248,0.09559553278037157,0.05372684940690454,0.15774616729769247,0.09127818633444895
399.0,112,254.2846490380673,94.75699963766355,0.38317978038569184,0.8959247926688214,0.05512323724193248,0.09559553278037157,0.05372684940690454,0.15774616729769247,0.09127818633444895
400.0,112,255.0550317335748,94.75699963766355,0.38317978038569184,0.8959247926688214,0.05512323724193248,0.09559553278037157,0.05372684940690454,0.15774616729769247,0.09127818633444895
