"filename", "language", "Python", "pip requirements", "comment", "blank", "total"
"/home/qianguo/Edge-Scheduler/Controller/base/algorithm/PPO/constraint_manager.py", "Python", -225, 0, 0, -49, -274
"/home/qianguo/Edge-Scheduler/Controller/base/algorithm/PPO/network_scheduler.py", "Python", -737, 0, 0, -163, -900
"/home/qianguo/Edge-Scheduler/Controller/base/algorithm/PPO/physical_environment_test.py", "Python", -1073, 0, 0, -216, -1289
"/home/qianguo/Edge-Scheduler/Controller/base/algorithm/PPO/plot_utils.py", "Python", -195, 0, 0, -36, -231
"/home/qianguo/Edge-Scheduler/Controller/base/algorithm/PPO/ppo_vs_random_test.py", "Python", -853, 0, 0, -197, -1050
"/home/qianguo/Edge-Scheduler/Controller/base/algorithm/PPO/replay_buffer.py", "Python", -262, 0, 0, -49, -311
"/home/qianguo/Edge-Scheduler/Controller/base/algorithm/PPO/requirements.txt", "pip requirements", 0, -7, 0, 0, -7
"/home/qianguo/Edge-Scheduler/Controller/base/algorithm/PPO/train_two_stage_ppo.py", "Python", -752, 0, 0, -139, -891
"/home/qianguo/Edge-Scheduler/Controller/base/algorithm/PPO/two_stage_actor_design.py", "Python", -1193, 0, 0, -252, -1445
"/home/qianguo/Edge-Scheduler/Controller/base/algorithm/PPO/two_stage_environment.py", "Python", -800, 0, 0, -181, -981
"/home/qianguo/Edge-Scheduler/Controller/base/algorithm/PPO_example/PPO_code_example/constraint_manager.py", "Python", 228, 0, 0, 47, 275
"/home/qianguo/Edge-Scheduler/Controller/base/algorithm/PPO_example/PPO_code_example/heuristic_algorithm.py", "Python", 298, 0, 0, 84, 382
"/home/qianguo/Edge-Scheduler/Controller/base/algorithm/PPO_example/PPO_code_example/heuristic_comparison_test.py", "Python", 517, 0, 0, 129, 646
"/home/qianguo/Edge-Scheduler/Controller/base/algorithm/PPO_example/PPO_code_example/multi_virtual_nodes_test.py", "Python", 453, 0, 0, 100, 553
"/home/qianguo/Edge-Scheduler/Controller/base/algorithm/PPO_example/PPO_code_example/network_scheduler.py", "Python", 1035, 0, 0, 225, 1260
"/home/qianguo/Edge-Scheduler/Controller/base/algorithm/PPO_example/PPO_code_example/original_problem_config.py", "Python", 128, 0, 0, 22, 150
"/home/qianguo/Edge-Scheduler/Controller/base/algorithm/PPO_example/PPO_code_example/original_reward.py", "Python", 236, 0, 0, 48, 284
"/home/qianguo/Edge-Scheduler/Controller/base/algorithm/PPO_example/PPO_code_example/physical_environment_test.py", "Python", 1104, 0, 0, 222, 1326
"/home/qianguo/Edge-Scheduler/Controller/base/algorithm/PPO_example/PPO_code_example/plot_utils.py", "Python", 356, 0, 0, 64, 420
"/home/qianguo/Edge-Scheduler/Controller/base/algorithm/PPO_example/PPO_code_example/ppo_vs_random_test.py", "Python", 883, 0, 0, 204, 1087
"/home/qianguo/Edge-Scheduler/Controller/base/algorithm/PPO_example/PPO_code_example/replay_buffer.py", "Python", 262, 0, 0, 49, 311
"/home/qianguo/Edge-Scheduler/Controller/base/algorithm/PPO_example/PPO_code_example/requirements.txt", "pip requirements", 0, 7, 0, 0, 7
"/home/qianguo/Edge-Scheduler/Controller/base/algorithm/PPO_example/PPO_code_example/sequential_agent.py", "Python", 299, 0, 0, 70, 369
"/home/qianguo/Edge-Scheduler/Controller/base/algorithm/PPO_example/PPO_code_example/sequential_environment.py", "Python", 624, 0, 0, 155, 779
"/home/qianguo/Edge-Scheduler/Controller/base/algorithm/PPO_example/PPO_code_example/sequential_ppo_vs_random_test.py", "Python", 231, 0, 0, 60, 291
"/home/qianguo/Edge-Scheduler/Controller/base/algorithm/PPO_example/PPO_code_example/test_original_config.py", "Python", 135, 0, 0, 38, 173
"/home/qianguo/Edge-Scheduler/Controller/base/algorithm/PPO_example/PPO_code_example/test_sequential_original_simple.py", "Python", 196, 0, 0, 38, 234
"/home/qianguo/Edge-Scheduler/Controller/base/algorithm/PPO_example/PPO_code_example/test_sequential_simple.py", "Python", 204, 0, 0, 53, 257
"/home/qianguo/Edge-Scheduler/Controller/base/algorithm/PPO_example/PPO_code_example/three_algorithms_comparison_test.py", "Python", 682, 0, 0, 141, 823
"/home/qianguo/Edge-Scheduler/Controller/base/algorithm/PPO_example/PPO_code_example/train_sequential_original.py", "Python", 416, 0, 0, 74, 490
"/home/qianguo/Edge-Scheduler/Controller/base/algorithm/PPO_example/PPO_code_example/train_two_stage_ppo.py", "Python", 844, 0, 0, 145, 989
"/home/qianguo/Edge-Scheduler/Controller/base/algorithm/PPO_example/PPO_code_example/two_stage_actor_design.py", "Python", 1435, 0, 0, 292, 1727
"/home/qianguo/Edge-Scheduler/Controller/base/algorithm/PPO_example/PPO_code_example/two_stage_environment.py", "Python", 747, 0, 0, 158, 905
"/home/qianguo/Edge-Scheduler/Controller/base/algorithm/PPO_mapping/mapping_agent.py", "Python", 324, 0, 0, 75, 399
"/home/qianguo/Edge-Scheduler/Controller/base/algorithm/PPO_mapping/mapping_environment.py", "Python", 530, 0, 0, 122, 652
"/home/qianguo/Edge-Scheduler/Controller/base/algorithm/PPO_mapping/network_scheduler.py", "Python", 789, 0, 0, 174, 963
"/home/qianguo/Edge-Scheduler/Controller/base/algorithm/PPO_mapping/original_problem_config.py", "Python", 54, 0, 0, 6, 60
"/home/qianguo/Edge-Scheduler/Controller/base/algorithm/PPO_mapping/test_mapping.py", "Python", 210, 0, 0, 53, 263
"/home/qianguo/Edge-Scheduler/Controller/base/algorithm/PPO_mapping/train_mapping.py", "Python", 400, 0, 0, 78, 478
"/home/qianguo/Edge-Scheduler/Controller/base/algorithm/PPO_my/four_algorithms_comparison_test.py", "Python", 1163, 0, 0, 247, 1410
"/home/qianguo/Edge-Scheduler/Controller/base/algorithm/PPO_my/heuristic_algorithm.py", "Python", 431, 0, 0, 119, 550
"/home/qianguo/Edge-Scheduler/Controller/base/algorithm/PPO_my/lightweight_heuristic_integration_environment.py", "Python", 444, 0, 0, 127, 571
"/home/qianguo/Edge-Scheduler/Controller/base/algorithm/PPO_my/network_scheduler.py", "Python", 789, 0, 0, 174, 963
"/home/qianguo/Edge-Scheduler/Controller/base/algorithm/PPO_my/new_heuristic_environment.py", "Python", 406, 0, 0, 118, 524
"/home/qianguo/Edge-Scheduler/Controller/base/algorithm/PPO_my/original_problem_config.py", "Python", 54, 0, 0, 6, 60
"/home/qianguo/Edge-Scheduler/Controller/base/algorithm/PPO_my/original_reward.py", "Python", 236, 0, 0, 48, 284
"/home/qianguo/Edge-Scheduler/Controller/base/algorithm/PPO_my/sequential_agent.py", "Python", 276, 0, 0, 66, 342
"/home/qianguo/Edge-Scheduler/Controller/base/algorithm/PPO_my/sequential_environment.py", "Python", 628, 0, 0, 145, 773
"/home/qianguo/Edge-Scheduler/Controller/base/algorithm/PPO_my/three_algorithms_comparison_test.py", "Python", 787, 0, 0, 170, 957
"/home/qianguo/Edge-Scheduler/Controller/base/algorithm/PPO_my/train_lightweight_ppo.py", "Python", 580, 0, 0, 113, 693
"/home/qianguo/Edge-Scheduler/Controller/base/algorithm/PPO_my/train_new_heuristic_ppo.py", "Python", 580, 0, 0, 113, 693
"/home/qianguo/Edge-Scheduler/Controller/base/algorithm/PPO_my/train_sequential_original.py", "Python", 482, 0, 0, 86, 568
"/home/qianguo/Edge-Scheduler/Controller/base/algorithm/PPO_my/two_ppo_comparison_test.py", "Python", 896, 0, 0, 192, 1088
"Total", "-", 15282, 0, 0, 3368, 18650